# Fuente: https://www.feriadoschilenos.cl/ y leyes citadas en https://www.bcn.cl/leychile/ (Leyes 2.977, 19.668, 20.983 y 21.357). Revisar cada año; editable por el usuario.
2026-01-01;Año Nuevo
2026-04-03;Viernes Santo
2026-04-04;Sábado Santo
2026-05-01;Día Nacional del Trabajo
2026-05-21;Día de las Glorias Navales
2026-06-21;Día Nacional de los Pueblos Indígenas
2026-06-29;San Pedro y San Pablo
2026-07-16;Día de la Virgen del Carmen
2026-08-15;Asunción de la Virgen
2026-09-18;Independencia Nacional
2026-09-19;Día de las Glorias del Ejército
2026-10-12;Encuentro de Dos Mundos
2026-10-31;Día de las Iglesias Evangélicas y Protestantes
2026-11-01;Día de Todos los Santos
2026-12-08;Inmaculada Concepción
2026-12-25;Navidad
2027-01-01;Año Nuevo
2027-03-26;Viernes Santo
2027-03-27;Sábado Santo
2027-05-01;Día Nacional del Trabajo
2027-05-21;Día de las Glorias Navales
2027-06-21;Día Nacional de los Pueblos Indígenas
2027-06-28;San Pedro y San Pablo
2027-07-16;Día de la Virgen del Carmen
2027-08-15;Asunción de la Virgen
# VERIFICAR: 2027-09-17 (viernes) no se carga: la Ley 20.983 lo declara feriado solo cuando es lunes. Si se confirma que es feriado, agrégalo en el calendario.
2027-09-18;Independencia Nacional
2027-09-19;Día de las Glorias del Ejército
2027-10-11;Encuentro de Dos Mundos
2027-10-31;Día de las Iglesias Evangélicas y Protestantes
2027-11-01;Día de Todos los Santos
2027-12-08;Inmaculada Concepción
2027-12-25;Navidad
